2021.01.07 12:36,1.0,2
2021.01.07 12:33,1.0,2
2021.01.07 12:30,1.0,2
2021.01.07 12:27,0.9999997615814209,2
2021.01.07 12:24,0.9999998807907104,2
2021.01.07 12:21,1.0,2
2021.01.07 12:18,0.9999998807907104,2
2021.01.07 12:15,0.9999997615814209,2
2021.01.07 12:12,1.0,2
2021.01.07 12:09,0.9999744892120361,2
2021.01.07 12:06,0.9999970197677612,2
2021.01.07 12:03,1.0,2
2021.01.07 12:00,1.0,2
2021.01.07 11:57,0.9999984502792358,2
2021.01.07 11:54,0.9999997615814209,2
2021.01.07 11:51,0.9999992847442627,2
2021.01.07 11:48,0.9999998807907104,2
2021.01.07 11:45,1.0,2
2021.01.07 11:42,1.0,2
2021.01.07 11:39,1.0,2
2021.01.07 11:36,1.0,2
2021.01.07 11:33,1.0,2
2021.01.07 11:30,0.9999995231628418,2
2021.01.07 11:27,0.9997583031654358,2
2021.01.07 11:24,0.9999996423721313,2
2021.01.07 11:21,0.9999978542327881,2
2021.01.07 11:18,0.9999991655349731,2
2021.01.07 11:15,0.999729335308075,2
2021.01.07 11:12,0.9965835213661194,2
2021.01.07 11:09,0.9999449253082275,2
2021.01.07 11:06,0.999907374382019,2
2021.01.07 11:03,0.9999303817749023,2
2021.01.07 11:00,0.9998242259025574,2
2021.01.07 10:57,0.9999654293060303,2
2021.01.07 10:54,0.9999918937683105,2
2021.01.07 10:51,0.9999864101409912,2
2021.01.07 10:48,0.9999538660049438,2
2021.01.07 10:45,1.0,2
2021.01.07 10:42,1.0,2
2021.01.07 10:39,0.9999998807907104,2
2021.01.07 10:36,0.9999998807907104,2
2021.01.07 10:33,0.9999997615814209,2
2021.01.07 10:30,0.9999914169311523,2
2021.01.07 10:27,0.9999983310699463,2
2021.01.07 10:24,0.9999794960021973,2
2021.01.07 10:21,0.9980748891830444,2
2021.01.07 10:18,0.9935460686683655,2
2021.01.07 10:15,0.5672313570976257,0
2021.01.07 10:12,0.5757631063461304,2
2021.01.07 10:09,0.7832830548286438,2
2021.01.07 10:06,0.8628072142601013,2
2021.01.07 10:03,0.9917035102844238,2
2021.01.07 10:00,0.9996767044067383,2
2021.01.07 09:57,0.9999786615371704,2
2021.01.07 09:54,0.9999680519104004,2
2021.01.07 09:51,0.9984756112098694,2
2021.01.07 09:48,0.9999979734420776,2
2021.01.07 09:45,0.999984622001648,2
2021.01.07 09:42,0.9988036155700684,2
2021.01.07 09:39,0.9972741007804871,2
2021.01.07 09:36,0.997285008430481,2
2021.01.07 09:33,0.984243631362915,2
2021.01.07 09:30,0.9927145838737488,2
2021.01.07 09:27,0.9670385718345642,2
2021.01.07 09:24,0.994345486164093,2
2021.01.07 09:21,0.9968493580818176,2
2021.01.07 09:18,0.9999712705612183,2
2021.01.07 09:15,0.9992926120758057,2
2021.01.07 09:12,0.9999369382858276,2
2021.01.07 09:09,0.9998792409896851,2
2021.01.07 09:06,0.9999678134918213,2
2021.01.07 09:03,0.999997615814209,2
2021.01.07 09:00,0.9999998807907104,2
2021.01.07 08:57,0.9099541306495667,2
2021.01.07 08:54,0.9952117800712585,2
2021.01.07 08:51,0.9884698390960693,2
2021.01.07 08:48,0.9878028035163879,2
2021.01.07 08:45,0.9978433847427368,2
2021.01.07 08:42,0.9972851276397705,2
2021.01.07 08:39,0.9609482288360596,2
2021.01.07 08:36,0.9121121764183044,2
2021.01.07 08:33,0.7283774614334106,2
2021.01.07 08:30,0.5912462472915649,2
2021.01.07 08:27,0.9999977350234985,2
2021.01.07 08:24,0.9999967813491821,2
2021.01.07 08:21,0.9978394508361816,2
2021.01.07 08:18,0.9994863271713257,2
2021.01.07 08:15,0.9995564818382263,2
2021.01.07 08:12,0.9995326995849609,2
2021.01.07 08:09,0.7872244119644165,2
2021.01.07 08:06,0.8408221006393433,2
2021.01.07 08:03,0.9289320707321167,2
2021.01.07 08:00,0.9742263555526733,2
2021.01.07 07:57,0.9999803304672241,2
2021.01.07 07:54,0.9999847412109375,2
2021.01.07 07:51,0.9998636245727539,2
2021.01.07 07:48,0.9996333122253418,2
2021.01.07 07:45,0.9988784193992615,2
2021.01.07 07:42,0.989006519317627,2
2021.01.07 07:39,0.9762552380561829,2
2021.01.07 07:36,0.9407444596290588,2
2021.01.07 07:33,0.9835045337677002,2
2021.01.07 07:30,0.9877563714981079,2
2021.01.07 07:27,0.7296251058578491,2
2021.01.07 07:24,0.6724799275398254,2
2021.01.07 07:21,0.925972580909729,2
2021.01.07 07:18,0.9794512391090393,2
2021.01.07 07:15,0.9931493401527405,2
2021.01.07 07:12,0.9976930022239685,2
2021.01.07 07:09,0.9999994039535522,2
2021.01.07 07:06,0.9999995231628418,2
2021.01.07 07:03,0.9999923706054688,2
2021.01.07 07:00,0.9999924898147583,2
2021.01.07 06:57,0.9913133978843689,2
2021.01.07 06:54,0.9746730327606201,2
2021.01.07 06:51,0.9387249946594238,2
2021.01.07 06:48,0.9992146492004395,2
2021.01.07 06:45,0.9997901320457458,2
2021.01.07 06:42,0.9870269894599915,2
2021.01.07 06:39,0.9648330807685852,2
2021.01.07 06:36,0.9943156838417053,2
2021.01.07 06:33,0.9971810579299927,2
2021.01.07 06:30,0.9998354911804199,2
2021.01.07 06:27,0.999826967716217,2
2021.01.07 06:24,0.9998959302902222,2
2021.01.07 06:21,0.9998611211776733,2
2021.01.07 06:18,0.9999700784683228,2
2021.01.07 06:15,0.9999425411224365,2
2021.01.07 06:12,0.9984049201011658,2
2021.01.07 06:09,0.9993366599082947,2
2021.01.07 06:06,0.9990836381912231,2
2021.01.07 06:03,0.9843561053276062,2
2021.01.07 06:00,0.9290139079093933,2
2021.01.07 05:57,0.9979947805404663,2
2021.01.07 05:54,0.8528502583503723,2
2021.01.07 05:51,0.9942436814308167,2
2021.01.07 05:48,0.9772039651870728,2
2021.01.07 05:45,0.9779402613639832,2
2021.01.07 05:42,0.9998223185539246,2
2021.01.07 05:39,0.9999195337295532,2
2021.01.07 05:36,0.9999381303787231,2
2021.01.07 05:33,0.9999595880508423,2
2021.01.07 05:30,0.999846339225769,2
2021.01.07 05:27,0.9999982118606567,2
2021.01.07 05:24,0.999998927116394,2
2021.01.07 05:21,0.9999991655349731,2
2021.01.07 05:18,0.9999994039535522,2
2021.01.07 05:15,0.9999974966049194,2
2021.01.07 05:12,0.9999878406524658,2
2021.01.07 05:09,0.9999943971633911,2
2021.01.07 05:06,0.9999344348907471,2
2021.01.07 05:03,0.9999053478240967,2
2021.01.07 05:00,0.9998899698257446,2
2021.01.07 04:57,0.999998927116394,2
2021.01.07 04:54,0.999825656414032,2
2021.01.07 04:51,0.9996305704116821,2
2021.01.07 04:48,0.9998273253440857,2
2021.01.07 04:45,0.9997445940971375,2
2021.01.07 04:42,0.9996440410614014,2
2021.01.07 04:39,0.9991307854652405,2
2021.01.07 04:36,0.9988698363304138,2
2021.01.07 04:33,0.9984971284866333,2
2021.01.07 04:30,0.9946244359016418,2
2021.01.07 04:27,0.9999483823776245,2
2021.01.07 04:24,0.9998893737792969,2
2021.01.07 04:21,0.9998457431793213,2
2021.01.07 04:18,0.999975323677063,2
2021.01.07 04:15,0.9999958276748657,2
2021.01.07 04:12,0.9999915361404419,2
2021.01.07 04:09,0.9997355341911316,2
2021.01.07 04:06,0.999927282333374,2
2021.01.07 04:03,0.999985933303833,2
2021.01.07 04:00,0.9999881982803345,2
2021.01.07 03:57,0.9999994039535522,2
2021.01.07 03:54,0.9999998807907104,2
2021.01.07 03:51,1.0,2
2021.01.07 03:48,1.0,2
2021.01.07 03:45,1.0,2
2021.01.07 03:42,1.0,2
2021.01.07 03:39,1.0,2
2021.01.07 03:36,1.0,2
2021.01.07 03:33,0.9999972581863403,2
2021.01.07 03:30,0.999998927116394,2
2021.01.07 03:27,0.9999997615814209,2
2021.01.07 03:24,0.9999998807907104,2
2021.01.07 03:21,0.9999995231628418,2
2021.01.07 03:18,0.9999995231628418,2
2021.01.07 03:15,0.9999992847442627,2
2021.01.07 03:12,0.9999971389770508,2
2021.01.07 03:09,0.9999991655349731,2
2021.01.07 03:06,0.999992847442627,2
2021.01.07 03:03,0.9999884366989136,2
2021.01.07 03:00,0.9999867677688599,2
2021.01.07 02:57,0.9982130527496338,2
2021.01.07 02:54,0.9974014759063721,2
2021.01.07 02:51,0.9992488026618958,2
2021.01.07 02:48,0.9999055862426758,2
2021.01.07 02:45,0.997432291507721,2
2021.01.07 02:42,0.9999943971633911,2
2021.01.07 02:39,0.9999991655349731,2
2021.01.07 02:36,0.9999990463256836,2
2021.01.07 02:33,1.0,2
2021.01.07 02:30,1.0,2
2021.01.07 02:27,1.0,2
2021.01.07 02:24,1.0,2
2021.01.07 02:21,0.9999997615814209,2
2021.01.07 02:18,1.0,2
2021.01.07 02:15,1.0,2
2021.01.07 02:12,1.0,2
2021.01.07 02:09,1.0,2
2021.01.07 02:06,0.9999990463256836,2
2021.01.07 02:03,0.9999821186065674,2
2021.01.07 02:00,0.9999569654464722,2
2021.01.07 01:57,1.0,2
2021.01.07 01:54,1.0,2
2021.01.07 01:51,1.0,2
2021.01.07 01:48,1.0,2
2021.01.07 01:45,1.0,2
2021.01.07 01:42,1.0,2
2021.01.07 01:39,0.9999998807907104,2
2021.01.07 01:36,0.9999998807907104,2
2021.01.07 01:33,0.9999998807907104,2
2021.01.07 01:30,1.0,2
2021.01.07 01:27,0.9999997615814209,2
2021.01.07 01:24,0.9999979734420776,2
2021.01.07 01:21,1.0,2
2021.01.07 01:18,0.9999994039535522,2
2021.01.07 01:15,1.0,2
2021.01.07 01:12,0.9999998807907104,2
2021.01.07 01:09,0.9999853372573853,2
2021.01.07 01:06,0.9999959468841553,2
2021.01.07 01:03,0.9986093044281006,2
2021.01.07 01:00,0.9989423155784607,2
2021.01.07 00:57,0.9999421834945679,2
2021.01.07 00:54,0.99996018409729,2
2021.01.07 00:51,0.9999979734420776,2
2021.01.07 00:48,0.9998883008956909,2
2021.01.07 00:45,0.9999954700469971,2
2021.01.07 00:42,0.9999821186065674,2
2021.01.07 00:39,0.999996542930603,2
2021.01.07 00:36,0.9999980926513672,2
2021.01.07 00:33,1.0,2
2021.01.07 00:30,1.0,2
2021.01.07 00:27,1.0,2
2021.01.07 00:24,1.0,2
2021.01.07 00:21,1.0,2
2021.01.07 00:18,1.0,2
2021.01.07 00:15,1.0,2
2021.01.07 00:12,1.0,2
2021.01.07 00:09,0.9999995231628418,2
2021.01.07 00:06,1.0,2
2021.01.07 00:03,1.0,2
2021.01.07 00:00,1.0,2
2021.01.06 23:57,1.0,2
2021.01.06 23:54,0.9999977350234985,2
2021.01.06 23:51,0.9999998807907104,2
2021.01.06 23:48,0.9999761581420898,2
2021.01.06 23:45,0.9999979734420776,2
2021.01.06 23:42,1.0,2
2021.01.06 23:39,0.9999998807907104,2
2021.01.06 23:36,0.9999998807907104,2
2021.01.06 23:33,0.9999960660934448,2
2021.01.06 23:30,0.999990701675415,2
2021.01.06 23:27,1.0,2
2021.01.06 23:24,1.0,2
2021.01.06 23:21,1.0,2
2021.01.06 23:18,1.0,2
2021.01.06 23:15,1.0,2
2021.01.06 23:12,1.0,2
2021.01.06 23:09,1.0,2
2021.01.06 23:06,1.0,2
2021.01.06 23:03,1.0,2
2021.01.06 23:00,1.0,2
2021.01.06 22:57,0.9999997615814209,2
2021.01.06 22:54,0.9999994039535522,2
2021.01.06 22:51,1.0,2
2021.01.06 22:48,1.0,2
2021.01.06 22:45,1.0,2
2021.01.06 22:42,1.0,2
2021.01.06 22:39,1.0,2
2021.01.06 22:36,1.0,2
2021.01.06 22:33,1.0,2
2021.01.06 22:30,1.0,2
2021.01.06 22:27,1.0,2
2021.01.06 22:24,1.0,2
2021.01.06 22:21,1.0,2
2021.01.06 22:18,1.0,2
2021.01.06 22:15,1.0,2
2021.01.06 22:12,1.0,2
2021.01.06 22:09,1.0,2
2021.01.06 22:06,0.9999997615814209,2
2021.01.06 22:03,1.0,2
2021.01.06 22:00,1.0,2
2021.01.06 21:57,1.0,2
2021.01.06 21:54,1.0,2
2021.01.06 21:51,1.0,2
2021.01.06 21:48,1.0,2
2021.01.06 21:45,1.0,2
2021.01.06 21:42,1.0,2
2021.01.06 21:39,1.0,2
2021.01.06 21:36,1.0,2
2021.01.06 21:33,1.0,2
2021.01.06 21:30,1.0,2
2021.01.06 21:27,1.0,2
2021.01.06 21:24,1.0,2
2021.01.06 21:21,1.0,2
2021.01.06 21:18,1.0,2
2021.01.06 21:15,1.0,2
2021.01.06 21:12,1.0,2
2021.01.06 21:09,1.0,2
2021.01.06 21:06,1.0,2
2021.01.06 21:03,1.0,2
2021.01.06 21:00,1.0,2
2021.01.06 20:57,1.0,2
2021.01.06 20:54,1.0,2
2021.01.06 20:51,1.0,2
2021.01.06 20:48,1.0,2
2021.01.06 20:45,1.0,2
2021.01.06 20:42,1.0,2
2021.01.06 20:39,1.0,2
2021.01.06 20:36,1.0,2
2021.01.06 20:33,1.0,2
2021.01.06 20:30,1.0,2
2021.01.06 20:27,1.0,2
2021.01.06 20:24,1.0,2
2021.01.06 20:21,1.0,2
2021.01.06 20:18,1.0,2
2021.01.06 20:15,1.0,2
2021.01.06 20:12,1.0,2
2021.01.06 20:09,1.0,2
2021.01.06 20:06,1.0,2
2021.01.06 20:03,1.0,2
2021.01.06 20:00,1.0,2
2021.01.06 19:57,1.0,2
2021.01.06 19:54,1.0,2
2021.01.06 19:51,1.0,2
2021.01.06 19:48,1.0,2
2021.01.06 19:45,1.0,2
2021.01.06 19:42,1.0,2
2021.01.06 19:39,1.0,2
2021.01.06 19:36,1.0,2
2021.01.06 19:33,1.0,2
2021.01.06 19:30,1.0,2
2021.01.06 19:27,1.0,2
2021.01.06 19:24,1.0,2
2021.01.06 19:21,1.0,2
2021.01.06 19:18,1.0,2
2021.01.06 19:15,1.0,2
2021.01.06 19:12,1.0,2
2021.01.06 19:09,1.0,2
2021.01.06 19:06,0.9999984502792358,2
2021.01.06 19:03,0.9999992847442627,2
2021.01.06 19:00,0.9999896287918091,2
2021.01.06 18:57,1.0,2
2021.01.06 18:54,1.0,2
2021.01.06 18:51,0.9999986886978149,2
2021.01.06 18:48,0.9999852180480957,2
2021.01.06 18:45,0.9985081553459167,2
2021.01.06 18:42,0.9957226514816284,2
2021.01.06 18:39,0.9896315932273865,2
2021.01.06 18:36,0.9750921726226807,2
2021.01.06 18:33,0.9860956072807312,2
2021.01.06 18:30,0.9547179341316223,2
2021.01.06 18:27,1.0,2
2021.01.06 18:24,1.0,2
2021.01.06 18:21,1.0,2
2021.01.06 18:18,1.0,2
2021.01.06 18:15,1.0,2
2021.01.06 18:12,1.0,2
2021.01.06 18:09,1.0,2
2021.01.06 18:06,1.0,2
2021.01.06 18:03,1.0,2
2021.01.06 18:00,1.0,2
2021.01.06 17:57,0.9998811483383179,2
2021.01.06 17:54,0.9997983574867249,2
2021.01.06 17:51,0.9990884065628052,2
2021.01.06 17:48,0.9889057874679565,2
2021.01.06 17:45,0.9955482482910156,2
2021.01.06 17:42,0.9997076392173767,2
2021.01.06 17:39,0.9999998807907104,2
2021.01.06 17:36,1.0,2
2021.01.06 17:33,0.9999998807907104,2
2021.01.06 17:30,0.9999997615814209,2
2021.01.06 17:27,0.9998506307601929,2
2021.01.06 17:24,0.9994450211524963,2
2021.01.06 17:21,0.9692956209182739,2
2021.01.06 17:18,0.999760091304779,2
2021.01.06 17:15,0.9993098974227905,2
2021.01.06 17:12,0.9996708631515503,2
2021.01.06 17:09,0.9999914169311523,2
2021.01.06 17:06,0.9999974966049194,2
2021.01.06 17:03,0.99959796667099,2
2021.01.06 17:00,0.9999213218688965,2
2021.01.06 16:57,0.9876723885536194,2
2021.01.06 16:54,0.9948051571846008,2
2021.01.06 16:51,0.8334341645240784,0
2021.01.06 16:48,0.9401476979255676,0
2021.01.06 16:45,0.9328548908233643,0
2021.01.06 16:42,0.8387762308120728,0
2021.01.06 16:39,0.9926754832267761,0
2021.01.06 16:36,0.9995903372764587,0
2021.01.06 16:33,0.9999997615814209,0
2021.01.06 16:30,0.9999991655349731,0
2021.01.06 16:27,0.9964286684989929,1
2021.01.06 16:24,0.996178150177002,1
2021.01.06 16:21,0.9944851994514465,1
2021.01.06 16:18,0.6312100291252136,1
2021.01.06 16:15,0.9864490628242493,1
2021.01.06 16:12,0.9238630533218384,1
2021.01.06 16:09,0.9816716313362122,1
2021.01.06 16:06,0.9685192704200745,1
2021.01.06 16:03,0.5421046018600464,0
2021.01.06 16:00,0.5686883330345154,1
2021.01.06 15:57,0.9351258277893066,1
2021.01.06 15:54,0.9997686743736267,1
2021.01.06 15:51,0.9750619530677795,1
2021.01.06 15:48,0.9999908208847046,1
2021.01.06 15:45,0.9999935626983643,1
2021.01.06 15:42,0.9999700784683228,1
2021.01.06 15:39,0.9194691777229309,1
2021.01.06 15:36,0.9916011691093445,1
2021.01.06 15:33,0.9526984691619873,1
2021.01.06 15:30,0.998934805393219,1
2021.01.06 15:27,0.9997761845588684,1
2021.01.06 15:24,0.9999864101409912,1
2021.01.06 15:21,0.9997684359550476,1
2021.01.06 15:18,0.844348132610321,1
2021.01.06 15:15,0.9213036298751831,2
2021.01.06 15:12,0.9875388145446777,2
2021.01.06 15:09,0.999167799949646,2
2021.01.06 15:06,0.9996675252914429,2
2021.01.06 15:03,0.9965277314186096,2
2021.01.06 15:00,0.9976674914360046,2
2021.01.06 14:57,0.978220522403717,2
2021.01.06 14:54,0.8558436632156372,0
2021.01.06 14:51,0.5941995978355408,0
2021.01.06 14:48,0.5268685221672058,2
2021.01.06 14:45,0.54410320520401,0
2021.01.06 14:42,0.6923683881759644,1
2021.01.06 14:39,0.9480847120285034,2
2021.01.06 14:36,0.9376298785209656,2
2021.01.06 14:33,0.999996542930603,2
2021.01.06 14:30,0.9999710321426392,1
2021.01.06 14:27,0.9999744892120361,2
2021.01.06 14:24,0.9999294281005859,2
2021.01.06 14:21,0.9997567534446716,2
2021.01.06 14:18,0.9999760389328003,2
2021.01.06 14:15,0.9999358654022217,2
2021.01.06 14:12,0.9999910593032837,2
2021.01.06 14:09,0.9999997615814209,2
2021.01.06 14:06,0.9999972581863403,2
2021.01.06 14:03,0.9999957084655762,2
2021.01.06 14:00,0.9999643564224243,2
2021.01.06 13:57,0.996399998664856,2
2021.01.06 13:54,0.5164075493812561,0
2021.01.06 13:51,0.7125074863433838,0
2021.01.06 13:48,0.8075937628746033,0
2021.01.06 13:45,0.611296534538269,0
2021.01.06 13:42,0.9816976189613342,2
2021.01.06 13:39,0.9882733821868896,2
2021.01.06 13:36,0.9998283386230469,2
2021.01.06 13:33,0.9993571639060974,2
2021.01.06 13:30,0.9970627427101135,2
2021.01.06 13:27,1.0,2
2021.01.06 13:24,0.999993085861206,2
2021.01.06 13:21,0.9997326731681824,2
2021.01.06 13:18,0.999995231628418,2
2021.01.06 13:15,0.9833495616912842,2
2021.01.06 13:12,0.6069310307502747,2
2021.01.06 13:09,0.9870502948760986,2
2021.01.06 13:06,0.6557090282440186,2
2021.01.06 13:03,0.9512444138526917,2
2021.01.06 13:00,0.9985888600349426,2
2021.01.06 12:57,0.5292047262191772,2
2021.01.06 12:54,0.9976730942726135,2
2021.01.06 12:51,0.9965633749961853,2
2021.01.06 12:48,0.9999843835830688,2
2021.01.06 12:45,0.9999114274978638,2
2021.01.06 12:42,0.9999982118606567,2
2021.01.06 12:39,0.9995536208152771,2
2021.01.06 12:36,0.999056875705719,2
2021.01.06 12:33,0.995993971824646,2
2021.01.06 12:30,0.9868378043174744,2
2021.01.06 12:27,0.9938977360725403,2
2021.01.06 12:24,0.9885941743850708,2
2021.01.06 12:21,0.9969460368156433,2
2021.01.06 12:18,0.9961130619049072,2
2021.01.06 12:15,0.6621286273002625,2
2021.01.06 12:12,0.8016892075538635,2
2021.01.06 12:09,0.999995231628418,2
2021.01.06 12:06,0.9999991655349731,2
2021.01.06 12:03,1.0,2
2021.01.06 12:00,0.9999994039535522,2
2021.01.06 11:57,0.8819717764854431,2
2021.01.06 11:54,0.6785992383956909,0
2021.01.06 11:51,0.9990631937980652,0
2021.01.06 11:48,0.9951633214950562,0
2021.01.06 11:45,0.9773752093315125,0
2021.01.06 11:42,0.9677640795707703,2
2021.01.06 11:39,0.9995242357254028,2
2021.01.06 11:36,0.9999704360961914,2
2021.01.06 11:33,0.9999998807907104,2
2021.01.06 11:30,0.999934196472168,2
2021.01.06 11:27,0.9903967380523682,2
2021.01.06 11:24,0.9994931221008301,2
2021.01.06 11:21,0.995617151260376,2
2021.01.06 11:18,0.9807050824165344,2
2021.01.06 11:15,1.0,2
2021.01.06 11:12,1.0,2
2021.01.06 11:09,1.0,2
2021.01.06 11:06,1.0,2
2021.01.06 11:03,0.9999988079071045,2
2021.01.06 11:00,0.9999817609786987,2
2021.01.06 10:57,1.0,2
2021.01.06 10:54,1.0,2
2021.01.06 10:51,1.0,2
2021.01.06 10:48,1.0,2
2021.01.06 10:45,0.9999984502792358,2
2021.01.06 10:42,0.9999730587005615,2
2021.01.06 10:39,0.9999977350234985,2
2021.01.06 10:36,0.999998927116394,2
2021.01.06 10:33,0.9999691247940063,2
2021.01.06 10:30,0.9997333884239197,2
2021.01.06 10:27,0.9999984502792358,2
2021.01.06 10:24,0.9999985694885254,2
2021.01.06 10:21,0.9999995231628418,2
2021.01.06 10:18,0.9999998807907104,2
2021.01.06 10:15,0.9999998807907104,2
2021.01.06 10:12,0.9999675750732422,2
2021.01.06 10:09,0.9999964237213135,2
2021.01.06 10:06,0.9999570846557617,2
2021.01.06 10:03,0.999992847442627,2
2021.01.06 10:00,0.9999994039535522,2
2021.01.06 09:57,0.9999916553497314,2
2021.01.06 09:54,0.999980092048645,2
2021.01.06 09:51,0.9999990463256836,2
2021.01.06 09:48,0.9999992847442627,2
2021.01.06 09:45,0.9999898672103882,2
2021.01.06 09:42,0.9998205304145813,2
2021.01.06 09:39,0.9974735379219055,2
2021.01.06 09:36,0.5455044507980347,0
2021.01.06 09:33,0.7896264791488647,2
2021.01.06 09:30,0.9733341932296753,2
2021.01.06 09:27,0.8301270604133606,0
2021.01.06 09:24,0.961218535900116,0
2021.01.06 09:21,0.9985705614089966,0
2021.01.06 09:18,0.8786359429359436,0
2021.01.06 09:15,0.8204028606414795,0
2021.01.06 09:12,0.795315682888031,0
2021.01.06 09:09,0.9907119870185852,0
2021.01.06 09:06,0.9974931478500366,0
2021.01.06 09:03,0.9956527948379517,0
2021.01.06 09:00,0.990562379360199,0
2021.01.06 08:57,0.9777107834815979,2
2021.01.06 08:54,0.8981308937072754,2
2021.01.06 08:51,0.9988001585006714,2
2021.01.06 08:48,0.9976523518562317,2
2021.01.06 08:45,0.9897127151489258,2
2021.01.06 08:42,0.9240975975990295,2
2021.01.06 08:39,0.949700653553009,2
2021.01.06 08:36,0.9284093379974365,2
2021.01.06 08:33,0.7083581686019897,2
2021.01.06 08:30,0.6169056296348572,0
2021.01.06 08:27,0.9355067014694214,0
2021.01.06 08:24,0.9202085137367249,0
2021.01.06 08:21,0.9974732995033264,2
2021.01.06 08:18,0.9993775486946106,2
2021.01.06 08:15,0.9922997355461121,2
2021.01.06 08:12,0.8896706104278564,2
2021.01.06 08:09,0.8965556621551514,0
2021.01.06 08:06,0.9771236777305603,0
2021.01.06 08:03,0.9779267907142639,0
2021.01.06 08:00,0.9698683023452759,0
2021.01.06 07:57,0.9999840259552002,2
2021.01.06 07:54,0.9997641444206238,2
2021.01.06 07:51,0.9999845027923584,2
2021.01.06 07:48,0.9987755417823792,2
2021.01.06 07:45,0.9996557235717773,2
2021.01.06 07:42,0.9997604489326477,2
2021.01.06 07:39,0.9998965263366699,2
2021.01.06 07:36,0.9998001456260681,2
2021.01.06 07:33,0.9999997615814209,2
2021.01.06 07:30,0.993177056312561,2
2021.01.06 07:27,0.9999911785125732,2
2021.01.06 07:24,0.9997056126594543,2
2021.01.06 07:21,0.9858421683311462,2
2021.01.06 07:18,0.7120271325111389,2
2021.01.06 07:15,0.9010759592056274,2
2021.01.06 07:12,0.8837427496910095,2
2021.01.06 07:09,0.5156070590019226,0
2021.01.06 07:06,0.6392241716384888,0
2021.01.06 07:03,0.9164775609970093,0
2021.01.06 07:00,0.680719792842865,2
2021.01.06 06:57,0.9999995231628418,2
2021.01.06 06:54,1.0,2
2021.01.06 06:51,0.9999995231628418,2
2021.01.06 06:48,1.0,2
2021.01.06 06:45,0.9999998807907104,2
2021.01.06 06:42,0.9999998807907104,2
2021.01.06 06:39,1.0,2
2021.01.06 06:36,1.0,2
2021.01.06 06:33,1.0,2
2021.01.06 06:30,0.9999998807907104,2
2021.01.06 06:27,0.9999983310699463,2
2021.01.06 06:24,0.9999997615814209,2
2021.01.06 06:21,1.0,2
2021.01.06 06:18,0.932526171207428,2
2021.01.06 06:15,0.9546404480934143,2
2021.01.06 06:12,0.9888932108879089,2
2021.01.06 06:09,0.9935870170593262,2
2021.01.06 06:06,0.9958140254020691,2
2021.01.06 06:03,0.9621235728263855,2
2021.01.06 06:00,0.9714570045471191,2
2021.01.06 05:57,0.999984622001648,2
2021.01.06 05:54,0.9999827146530151,2
2021.01.06 05:51,0.9999994039535522,2
2021.01.06 05:48,0.9999982118606567,2
2021.01.06 05:45,0.9999979734420776,2
2021.01.06 05:42,0.9978967905044556,2
2021.01.06 05:39,0.9999356269836426,2
2021.01.06 05:36,0.9998617172241211,2
2021.01.06 05:33,0.9998761415481567,2
2021.01.06 05:30,0.9984148740768433,2
2021.01.06 05:27,0.9999938011169434,2
2021.01.06 05:24,0.9999992847442627,2
2021.01.06 05:21,0.9999996423721313,2
2021.01.06 05:18,0.9999982118606567,2
2021.01.06 05:15,0.999998927116394,2
2021.01.06 05:12,0.9999704360961914,2
2021.01.06 05:09,0.9993218183517456,2
2021.01.06 05:06,0.9982580542564392,2
2021.01.06 05:03,0.8719183802604675,2
2021.01.06 05:00,0.7059463858604431,2
2021.01.06 04:57,0.9097601175308228,2
2021.01.06 04:54,0.9620658159255981,2
2021.01.06 04:51,0.9789862036705017,2
2021.01.06 04:48,0.9873344898223877,2
2021.01.06 04:45,0.9999229907989502,2
2021.01.06 04:42,0.9989079236984253,2
2021.01.06 04:39,0.9998506307601929,2
2021.01.06 04:36,0.9999372959136963,2
2021.01.06 04:33,0.9999521970748901,2
2021.01.06 04:30,0.9999077320098877,2
2021.01.06 04:27,0.7392725944519043,2
2021.01.06 04:24,0.9586814045906067,0
2021.01.06 04:21,0.5423169732093811,2
2021.01.06 04:18,0.9350597262382507,2
2021.01.06 04:15,0.9923795461654663,2
2021.01.06 04:12,0.9733105301856995,2
2021.01.06 04:09,0.992305338382721,2
2021.01.06 04:06,0.9847586154937744,2
2021.01.06 04:03,0.996179461479187,2
2021.01.06 04:00,0.9007552862167358,2
2021.01.06 03:57,0.8338186740875244,2
2021.01.06 03:54,0.7038170099258423,2
2021.01.06 03:51,0.9790678024291992,0
2021.01.06 03:48,0.8879691362380981,0
2021.01.06 03:45,0.9990228414535522,0
2021.01.06 03:42,0.9783471822738647,0
2021.01.06 03:39,0.9602627754211426,0
2021.01.06 03:36,0.826861560344696,0
2021.01.06 03:33,0.9959534406661987,2
2021.01.06 03:30,0.9779271483421326,2
2021.01.06 03:27,0.9768791794776917,2
2021.01.06 03:24,0.9756823778152466,2
2021.01.06 03:21,0.9976219534873962,2
2021.01.06 03:18,0.9997485280036926,2
2021.01.06 03:15,0.9999463558197021,2
2021.01.06 03:12,0.9998724460601807,2
2021.01.06 03:09,0.9999707937240601,2
2021.01.06 03:06,0.9999912977218628,2
2021.01.06 03:03,0.9999961853027344,2
2021.01.06 03:00,0.999993085861206,2
2021.01.06 02:57,0.9986795783042908,0
2021.01.06 02:54,0.9969614148139954,0
2021.01.06 02:51,0.5569940805435181,0
2021.01.06 02:48,0.9999711513519287,2
2021.01.06 02:45,0.9976940751075745,0
2021.01.06 02:42,0.9865951538085938,0
2021.01.06 02:39,0.7397546768188477,0
2021.01.06 02:36,0.6933420896530151,0
2021.01.06 02:33,0.9494552612304688,0
2021.01.06 02:30,0.94456946849823,0
2021.01.06 02:27,0.9371996521949768,2
2021.01.06 02:24,0.7422955632209778,2
2021.01.06 02:21,0.6757639646530151,2
2021.01.06 02:18,0.6327707171440125,2
2021.01.06 02:15,0.704663872718811,2
2021.01.06 02:12,0.9558113813400269,2
2021.01.06 02:09,0.9304322600364685,2
2021.01.06 02:06,0.999431312084198,2
2021.01.06 02:03,0.9999256134033203,2
2021.01.06 02:00,0.9999873638153076,2
2021.01.06 01:57,0.999796450138092,2
2021.01.06 01:54,0.9989474415779114,2
2021.01.06 01:51,0.9999552965164185,2
2021.01.06 01:48,0.9999685287475586,2
2021.01.06 01:45,0.9998842477798462,2
2021.01.06 01:42,0.9999641180038452,2
2021.01.06 01:39,0.9999948740005493,2
2021.01.06 01:36,0.9999985694885254,2
2021.01.06 01:33,0.9999997615814209,2
2021.01.06 01:30,0.9999830722808838,2
2021.01.06 01:27,0.9999995231628418,2
2021.01.06 01:24,0.9999998807907104,2
2021.01.06 01:21,1.0,2
2021.01.06 01:18,0.9997081160545349,2
2021.01.06 01:15,1.0,2
2021.01.06 01:12,1.0,2
2021.01.06 01:09,1.0,2
2021.01.06 01:06,1.0,2
2021.01.06 01:03,1.0,2
2021.01.06 01:00,1.0,2
2021.01.06 00:57,1.0,2
2021.01.06 00:54,1.0,2
2021.01.06 00:51,1.0,2
2021.01.06 00:48,1.0,2
2021.01.06 00:45,1.0,2
2021.01.06 00:42,1.0,2
2021.01.06 00:39,1.0,2
2021.01.06 00:36,1.0,2
2021.01.06 00:33,1.0,2
2021.01.06 00:30,1.0,2
2021.01.06 00:27,0.9999986886978149,2
2021.01.06 00:24,0.9999986886978149,2
2021.01.06 00:21,0.9999947547912598,2
2021.01.06 00:18,0.999649167060852,2
2021.01.06 00:15,0.6482850313186646,2
2021.01.06 00:12,0.788090169429779,2
2021.01.06 00:09,0.999665379524231,2
2021.01.06 00:06,0.9998914003372192,2
2021.01.06 00:03,0.9998233914375305,2
2021.01.06 00:00,0.9999109506607056,2
2021.01.05 23:57,0.9732591509819031,2
2021.01.05 23:54,0.9932331442832947,2
2021.01.05 23:51,0.8707531690597534,2
2021.01.05 23:48,0.7851202487945557,2
2021.01.05 23:45,0.9069472551345825,2
2021.01.05 23:42,0.9420299530029297,2
2021.01.05 23:39,0.9974116683006287,2
2021.01.05 23:36,0.9992309808731079,2
2021.01.05 23:33,0.9997163414955139,2
2021.01.05 23:30,0.9999459981918335,2
2021.01.05 23:27,0.9999494552612305,2
2021.01.05 23:24,0.9999886751174927,2
2021.01.05 23:21,0.9999740123748779,2
2021.01.05 23:18,0.9995181560516357,2
2021.01.05 23:15,0.9998538494110107,2
2021.01.05 23:12,0.999894380569458,2
2021.01.05 23:09,0.9972084164619446,2
2021.01.05 23:06,0.993423342704773,2
2021.01.05 23:03,0.9817007184028625,2
2021.01.05 23:00,0.9770255088806152,2
2021.01.05 22:57,0.9976352453231812,0
2021.01.05 22:54,0.9956489205360413,0
2021.01.05 22:51,0.9999608993530273,0
2021.01.05 22:48,0.9992706179618835,0
2021.01.05 22:45,0.9739529490470886,0
2021.01.05 22:42,0.9615200757980347,0
2021.01.05 22:39,0.943213164806366,2
2021.01.05 22:36,0.9622762799263,2
2021.01.05 22:33,0.9958274960517883,2
2021.01.05 22:30,0.9973684549331665,2
2021.01.05 22:27,0.9987643957138062,2
2021.01.05 22:24,0.9989132881164551,2
2021.01.05 22:21,0.999823272228241,2
2021.01.05 22:18,0.999675989151001,2
2021.01.05 22:15,0.9998760223388672,2
2021.01.05 22:12,0.9999994039535522,2
2021.01.05 22:09,0.9996713399887085,2
2021.01.05 22:06,0.9980365633964539,2
2021.01.05 22:03,0.9999083280563354,2
2021.01.05 22:00,0.9999299049377441,2
2021.01.05 21:57,1.0,2
2021.01.05 21:54,0.9999998807907104,2
2021.01.05 21:51,0.9999964237213135,2
2021.01.05 21:48,0.999993085861206,2
2021.01.05 21:45,0.9999995231628418,2
2021.01.05 21:42,0.999967098236084,2
2021.01.05 21:39,0.9999994039535522,2
2021.01.05 21:36,0.9999935626983643,2
2021.01.05 21:33,1.0,2
2021.01.05 21:30,1.0,2
2021.01.05 21:27,0.9999865293502808,2
2021.01.05 21:24,0.9999228715896606,2
2021.01.05 21:21,0.9999532699584961,2
2021.01.05 21:18,0.9999940395355225,2
2021.01.05 21:15,0.9999958276748657,2
2021.01.05 21:12,0.9999887943267822,2
2021.01.05 21:09,0.9994500279426575,2
2021.01.05 21:06,0.9971011281013489,2
2021.01.05 21:03,0.9940764904022217,2
2021.01.05 21:00,0.9829429388046265,2
2021.01.05 20:57,0.9972791075706482,2
2021.01.05 20:54,0.9999245405197144,2
2021.01.05 20:51,0.999977707862854,2
2021.01.05 20:48,0.9999858140945435,2
2021.01.05 20:45,1.0,2
2021.01.05 20:42,1.0,2
2021.01.05 20:39,1.0,2
2021.01.05 20:36,0.9999998807907104,2
2021.01.05 20:33,0.9999990463256836,2
2021.01.05 20:30,0.9999998807907104,2
2021.01.05 20:27,0.9999997615814209,2
2021.01.05 20:24,0.999931812286377,2
2021.01.05 20:21,0.9999998807907104,2
2021.01.05 20:18,0.9999998807907104,2
2021.01.05 20:15,1.0,2
2021.01.05 20:12,1.0,2
2021.01.05 20:09,0.9999998807907104,2
2021.01.05 20:06,0.9999998807907104,2
2021.01.05 20:03,1.0,2
2021.01.05 20:00,1.0,2
2021.01.05 19:57,1.0,2
2021.01.05 19:54,1.0,2
2021.01.05 19:51,1.0,2
2021.01.05 19:48,1.0,2
2021.01.05 19:45,1.0,2
2021.01.05 19:42,0.9999994039535522,2
2021.01.05 19:39,0.9999990463256836,2
2021.01.05 19:36,1.0,2
2021.01.05 19:33,1.0,2
2021.01.05 19:30,0.9997426867485046,2
2021.01.05 19:27,0.9990419745445251,2
2021.01.05 19:24,0.9999998807907104,2
2021.01.05 19:21,0.6565950512886047,2
2021.01.05 19:18,0.9990295171737671,2
2021.01.05 19:15,0.9995111227035522,2
2021.01.05 19:12,0.9999979734420776,2
2021.01.05 19:09,0.9999971389770508,2
2021.01.05 19:06,0.9999865293502808,2
2021.01.05 19:03,0.9999958276748657,2
2021.01.05 19:00,0.9999626874923706,2
2021.01.05 18:57,0.9999350309371948,2
2021.01.05 18:54,0.9999721050262451,2
2021.01.05 18:51,0.9910117387771606,2
2021.01.05 18:48,0.9999995231628418,2
2021.01.05 18:45,0.9999998807907104,2
2021.01.05 18:42,0.9843814373016357,2
2021.01.05 18:39,0.729438841342926,2
2021.01.05 18:36,0.9378176331520081,2
2021.01.05 18:33,0.9425475597381592,0
2021.01.05 18:30,0.9991636276245117,0
2021.01.05 18:27,0.8415932655334473,0
2021.01.05 18:24,0.8916949033737183,0
2021.01.05 18:21,0.8924124240875244,0
2021.01.05 18:18,0.9349988698959351,0
2021.01.05 18:15,0.886702299118042,0
2021.01.05 18:12,0.9552510976791382,0
2021.01.05 18:09,0.9791868925094604,0
2021.01.05 18:06,0.9441201686859131,0
2021.01.05 18:03,0.9984700083732605,0
2021.01.05 18:00,0.9982340335845947,0
2021.01.05 17:57,0.9999239444732666,0
2021.01.05 17:54,0.9396471381187439,0
2021.01.05 17:51,0.9962148070335388,0
2021.01.05 17:48,0.9928465485572815,0
2021.01.05 17:45,0.9999998807907104,0
2021.01.05 17:42,1.0,0
2021.01.05 17:39,0.9999996423721313,0
2021.01.05 17:36,0.9999996423721313,0
2021.01.05 17:33,1.0,0
2021.01.05 17:30,1.0,0
2021.01.05 17:27,1.0,0
2021.01.05 17:24,1.0,0
2021.01.05 17:21,1.0,0
2021.01.05 17:18,1.0,0
2021.01.05 17:15,1.0,0
2021.01.05 17:12,0.9999997615814209,0
2021.01.05 17:09,1.0,0
2021.01.05 17:06,1.0,0
2021.01.05 17:03,0.9995716214179993,0
2021.01.05 17:00,0.9994744658470154,0
2021.01.05 16:57,0.9996950626373291,2
2021.01.05 16:54,0.971430242061615,2
2021.01.05 16:51,0.9992766976356506,2
2021.01.05 16:48,0.9999439716339111,2
2021.01.05 16:45,1.0,2
2021.01.05 16:42,0.9999058246612549,2
2021.01.05 16:39,0.9942177534103394,2
2021.01.05 16:36,0.9999747276306152,2
2021.01.05 16:33,0.998102605342865,2
2021.01.05 16:30,0.9999731779098511,2
2021.01.05 16:27,0.9999555349349976,2
2021.01.05 16:24,0.9999517202377319,2
2021.01.05 16:21,0.9998167157173157,2
2021.01.05 16:18,0.9996752738952637,2
2021.01.05 16:15,0.9973656535148621,2
2021.01.05 16:12,0.9977174997329712,2
2021.01.05 16:09,0.8433161973953247,0
2021.01.05 16:06,0.9628629088401794,0
2021.01.05 16:03,0.9501913785934448,0
2021.01.05 16:00,0.9668693542480469,0
2021.01.05 15:57,0.8328471183776855,2
2021.01.05 15:54,1.0,2
2021.01.05 15:51,0.9997218251228333,2
2021.01.05 15:48,0.9995474219322205,2
2021.01.05 15:45,0.7254252433776855,2
2021.01.05 15:42,0.5336022973060608,0
2021.01.05 15:39,0.980293869972229,0
2021.01.05 15:36,0.9944933652877808,0
2021.01.05 15:33,0.9994589686393738,0
2021.01.05 15:30,0.9786162972450256,0
2021.01.05 15:27,0.99988853931427,0
2021.01.05 15:24,0.999907374382019,0
2021.01.05 15:21,0.9715601801872253,0
2021.01.05 15:18,0.737000048160553,0
2021.01.05 15:15,0.9837483167648315,0
2021.01.05 15:12,0.6107316613197327,0
2021.01.05 15:09,0.9988247752189636,2
2021.01.05 15:06,0.9965941309928894,2
2021.01.05 15:03,0.9996813535690308,2
2021.01.05 15:00,0.9998679161071777,2
2021.01.05 14:57,0.9998632669448853,2
2021.01.05 14:54,0.5444974899291992,0
2021.01.05 14:51,0.9791972041130066,0
2021.01.05 14:48,0.9791463017463684,0
2021.01.05 14:45,0.9904001355171204,0
2021.01.05 14:42,0.524309515953064,2
2021.01.05 14:39,0.9715331792831421,2
2021.01.05 14:36,0.9997556805610657,2
2021.01.05 14:33,0.9999129772186279,2
2021.01.05 14:30,0.9989640712738037,2
2021.01.05 14:27,0.9958882927894592,2
2021.01.05 14:24,0.8134259581565857,2
2021.01.05 14:21,0.991323709487915,2
2021.01.05 14:18,0.9999983310699463,2
2021.01.05 14:15,0.9999839067459106,2
2021.01.05 14:12,0.9990341663360596,2
2021.01.05 14:09,0.9999847412109375,2
2021.01.05 14:06,0.9999997615814209,2
2021.01.05 14:03,0.9999998807907104,2
2021.01.05 14:00,1.0,2
2021.01.05 13:57,0.9999985694885254,2
2021.01.05 13:54,0.9999997615814209,2
2021.01.05 13:51,0.9999996423721313,2
2021.01.05 13:48,0.9999927282333374,2
2021.01.05 13:45,0.9998292922973633,2
2021.01.05 13:42,0.9999110698699951,2
2021.01.05 13:39,0.9999518394470215,2
2021.01.05 13:36,0.9998125433921814,2
2021.01.05 13:33,0.9998446702957153,2
2021.01.05 13:30,0.9980898499488831,2
2021.01.05 13:27,0.9996316432952881,2
2021.01.05 13:24,0.9999099969863892,2
2021.01.05 13:21,0.8849362730979919,0
2021.01.05 13:18,0.5254215002059937,0
2021.01.05 13:15,0.9539214968681335,2
2021.01.05 13:12,0.9869785308837891,2
2021.01.05 13:09,0.8393242955207825,2
2021.01.05 13:06,0.7541605830192566,0
2021.01.05 13:03,0.9953699707984924,0
2021.01.05 13:00,0.9770299196243286,0
2021.01.05 12:57,0.9137148857116699,2
2021.01.05 12:54,0.5825281739234924,2
2021.01.05 12:51,0.8729831576347351,2
2021.01.05 12:48,0.9792788028717041,2
2021.01.05 12:45,0.9990094900131226,2
2021.01.05 12:42,0.9999603033065796,2
2021.01.05 12:39,0.9999971389770508,2
2021.01.05 12:36,0.9999970197677612,2
2021.01.05 12:33,0.9999997615814209,2
2021.01.05 12:30,1.0,2
2021.01.05 12:27,1.0,2
2021.01.05 12:24,1.0,2
2021.01.05 12:21,1.0,2
2021.01.05 12:18,0.9999977350234985,2
2021.01.05 12:15,0.9999860525131226,2
2021.01.05 12:12,0.9999991655349731,2
2021.01.05 12:09,0.998344898223877,2
2021.01.05 12:06,0.9994727969169617,2
2021.01.05 12:03,0.9999970197677612,2
2021.01.05 12:00,0.9999991655349731,2
2021.01.05 11:57,0.999998927116394,2
2021.01.05 11:54,0.9999954700469971,2
2021.01.05 11:51,0.9999978542327881,2
2021.01.05 11:48,0.9999847412109375,2
2021.01.05 11:45,0.9995017051696777,2
2021.01.05 11:42,0.9999983310699463,2
2021.01.05 11:39,0.9999010562896729,2
2021.01.05 11:36,0.9999971389770508,2
2021.01.05 11:33,0.9983124732971191,2
2021.01.05 11:30,0.9999992847442627,2
2021.01.05 11:27,0.9999998807907104,2
2021.01.05 11:24,1.0,2
2021.01.05 11:21,1.0,2
2021.01.05 11:18,1.0,2
2021.01.05 11:15,1.0,2
2021.01.05 11:12,0.9999998807907104,2
2021.01.05 11:09,0.9999994039535522,2
2021.01.05 11:06,0.9999980926513672,2
2021.01.05 11:03,0.9999997615814209,2
2021.01.05 11:00,0.9999995231628418,2
2021.01.05 10:57,0.9990612864494324,2
2021.01.05 10:54,0.997240424156189,2
2021.01.05 10:51,0.9943740367889404,2
2021.01.05 10:48,0.9941587448120117,2
2021.01.05 10:45,0.9973630309104919,2
2021.01.05 10:42,0.9920694828033447,2
2021.01.05 10:39,0.8620515465736389,2
2021.01.05 10:36,0.9003626108169556,2
2021.01.05 10:33,0.6984672546386719,0
2021.01.05 10:30,0.9953828454017639,0
2021.01.05 10:27,0.71849125623703,0
2021.01.05 10:24,0.8924868702888489,0
2021.01.05 10:21,0.9019843935966492,0
2021.01.05 10:18,0.9337273240089417,2
2021.01.05 10:15,0.7308796048164368,2
2021.01.05 10:12,0.9923122525215149,2
2021.01.05 10:09,0.9688659310340881,0
2021.01.05 10:06,0.9996321201324463,0
2021.01.05 10:03,1.0,0
2021.01.05 10:00,1.0,0
2021.01.05 09:57,0.9847923517227173,2
2021.01.05 09:54,0.9990234375,2
2021.01.05 09:51,0.9999982118606567,2
2021.01.05 09:48,0.999983549118042,2
2021.01.05 09:45,1.0,2
2021.01.05 09:42,0.9999997615814209,2
2021.01.05 09:39,0.9999996423721313,2
2021.01.05 09:36,0.9999982118606567,2
2021.01.05 09:33,0.9999948740005493,2
2021.01.05 09:30,0.9999350309371948,2
2021.01.05 09:27,1.0,2
2021.01.05 09:24,0.9999996423721313,2
2021.01.05 09:21,0.9999964237213135,2
2021.01.05 09:18,0.8015602231025696,2
2021.01.05 09:15,0.7750999331474304,0
2021.01.05 09:12,0.9733073711395264,0
2021.01.05 09:09,0.8167797923088074,0
2021.01.05 09:06,0.9385279417037964,0
2021.01.05 09:03,0.6470404267311096,2
2021.01.05 09:00,0.6759618520736694,2
2021.01.05 08:57,0.9350422620773315,2
2021.01.05 08:54,0.9007347226142883,2
2021.01.05 08:51,0.9997262358665466,2
2021.01.05 08:48,0.9769791960716248,2
2021.01.05 08:45,0.9774550199508667,2
2021.01.05 08:42,0.9993919134140015,2
2021.01.05 08:39,0.9984656572341919,2
2021.01.05 08:36,0.9980010390281677,2
2021.01.05 08:33,0.5491405725479126,0
2021.01.05 08:30,0.6629819869995117,0
2021.01.05 08:27,0.8444963693618774,2
2021.01.05 08:24,0.9546947479248047,2
2021.01.05 08:21,0.9594694972038269,2
2021.01.05 08:18,0.5566055774688721,2
2021.01.05 08:15,0.9536845088005066,0
2021.01.05 08:12,0.5964635610580444,0
2021.01.05 08:09,0.6156464219093323,0
2021.01.05 08:06,0.6848510503768921,2
2021.01.05 08:03,0.8317156434059143,2
2021.01.05 08:00,0.9285745620727539,2
2021.01.05 07:57,0.8424809575080872,0
2021.01.05 07:54,0.9795958995819092,2
2021.01.05 07:51,0.6882078051567078,2
2021.01.05 07:48,0.6433229446411133,2
2021.01.05 07:45,0.9924943447113037,0
2021.01.05 07:42,0.9564014673233032,0
2021.01.05 07:39,0.9127466082572937,0
2021.01.05 07:36,0.9682997465133667,0
2021.01.05 07:33,0.5157312154769897,0
2021.01.05 07:30,0.967888593673706,2
2021.01.05 07:27,0.8553988933563232,2
2021.01.05 07:24,0.8477523922920227,2
2021.01.05 07:21,0.9806413650512695,2
2021.01.05 07:18,0.9721617698669434,2
2021.01.05 07:15,0.9158862829208374,2
2021.01.05 07:12,0.9151977896690369,2
2021.01.05 07:09,0.9998250603675842,2
2021.01.05 07:06,0.9998770952224731,2
2021.01.05 07:03,0.999705970287323,2
2021.01.05 07:00,0.9909951090812683,2
2021.01.05 06:57,0.9144489765167236,2
2021.01.05 06:54,0.8626164197921753,2
2021.01.05 06:51,0.7460467219352722,2
2021.01.05 06:48,0.7207196950912476,2
2021.01.05 06:45,0.9358645677566528,2
2021.01.05 06:42,0.9709732532501221,2
2021.01.05 06:39,0.9408288598060608,2
2021.01.05 06:36,0.9751662015914917,2
2021.01.05 06:33,0.976807177066803,2
2021.01.05 06:30,0.9999690055847168,2
2021.01.05 06:27,1.0,2
2021.01.05 06:24,1.0,2
2021.01.05 06:21,1.0,2
2021.01.05 06:18,1.0,2
2021.01.05 06:15,1.0,2
2021.01.05 06:12,1.0,2
2021.01.05 06:09,1.0,2
2021.01.05 06:06,1.0,2
2021.01.05 06:03,0.9999979734420776,2
2021.01.05 06:00,0.9999985694885254,2
2021.01.05 05:57,0.9942976832389832,2
2021.01.05 05:54,0.9999713897705078,2
2021.01.05 05:51,0.9999161958694458,2
2021.01.05 05:48,0.9997414946556091,2
2021.01.05 05:45,0.9992609620094299,2
2021.01.05 05:42,0.9997873902320862,2
2021.01.05 05:39,0.9999697208404541,2
2021.01.05 05:36,0.9999995231628418,2
2021.01.05 05:33,0.9999986886978149,2
2021.01.05 05:30,0.9999980926513672,2
2021.01.05 05:27,0.9983183145523071,2
2021.01.05 05:24,0.9971858859062195,2
2021.01.05 05:21,0.9706193804740906,2
2021.01.05 05:18,0.9992403984069824,2
2021.01.05 05:15,0.8913163542747498,2
2021.01.05 05:12,0.566135048866272,0
2021.01.05 05:09,0.9473674297332764,0
2021.01.05 05:06,0.9687162637710571,0
2021.01.05 05:03,0.9659671187400818,0
2021.01.05 05:00,0.8749759793281555,0
2021.01.05 04:57,0.9961014986038208,0
2021.01.05 04:54,0.9968103766441345,0
2021.01.05 04:51,0.9911045432090759,0
2021.01.05 04:48,0.9985637068748474,0
2021.01.05 04:45,0.9968329071998596,0
2021.01.05 04:42,0.9857736825942993,0
2021.01.05 04:39,0.9817091226577759,0
2021.01.05 04:36,0.9831954836845398,0
2021.01.05 04:33,0.9942883253097534,0
2021.01.05 04:30,0.9990283250808716,0
2021.01.05 04:27,0.5069308876991272,2
2021.01.05 04:24,0.9548091888427734,0
2021.01.05 04:21,0.9993715882301331,0
2021.01.05 04:18,0.9999884366989136,0
2021.01.05 04:15,0.9999423027038574,0
2021.01.05 04:12,0.9999715089797974,0
2021.01.05 04:09,0.9999966621398926,0
2021.01.05 04:06,0.9999966621398926,0
2021.01.05 04:03,0.9999600648880005,0
2021.01.05 04:00,0.9999984502792358,0
2021.01.05 03:57,0.9999630451202393,2
2021.01.05 03:54,0.9999972581863403,2
2021.01.05 03:51,0.9999995231628418,2
2021.01.05 03:48,0.9999879598617554,2
2021.01.05 03:45,0.9991402626037598,2
2021.01.05 03:42,0.9996989965438843,2
2021.01.05 03:39,0.9995564818382263,2
2021.01.05 03:36,0.9996448755264282,2
2021.01.05 03:33,0.9999939203262329,2
2021.01.05 03:30,0.9999853372573853,2
2021.01.05 03:27,0.9998544454574585,2
2021.01.05 03:24,0.9996057152748108,2
2021.01.05 03:21,0.9990598559379578,2
2021.01.05 03:18,0.999849796295166,2
2021.01.05 03:15,0.999778687953949,2
2021.01.05 03:12,0.9957554340362549,2
2021.01.05 03:09,0.7977787852287292,2
2021.01.05 03:06,0.8320043087005615,2
2021.01.05 03:03,0.9999254941940308,2
2021.01.05 03:00,0.9999804496765137,2
2021.01.05 02:57,0.9999822378158569,2
2021.01.05 02:54,0.9999339580535889,2
2021.01.05 02:51,0.999963641166687,2
2021.01.05 02:48,0.9999935626983643,2
2021.01.05 02:45,0.9998821020126343,2
2021.01.05 02:42,0.999339759349823,2
2021.01.05 02:39,0.9933700561523438,2
2021.01.05 02:36,0.9988017082214355,2
2021.01.05 02:33,0.998783528804779,2
2021.01.05 02:30,0.9949207901954651,2
2021.01.05 02:27,0.9254211783409119,2
2021.01.05 02:24,0.8897503614425659,0
2021.01.05 02:21,0.9963334798812866,0
2021.01.05 02:18,0.9251847863197327,0
2021.01.05 02:15,0.9973042011260986,0
2021.01.05 02:12,0.995806097984314,0
2021.01.05 02:09,0.9884944558143616,0
2021.01.05 02:06,0.9961477518081665,0
2021.01.05 02:03,0.9983665347099304,0
2021.01.05 02:00,0.9980860948562622,0
2021.01.05 01:57,0.9951582551002502,0
2021.01.05 01:54,0.9958617687225342,0
2021.01.05 01:51,0.9970847964286804,0
2021.01.05 01:48,0.9972780346870422,0
2021.01.05 01:45,0.9884899258613586,0
2021.01.05 01:42,0.7729376554489136,0
2021.01.05 01:39,0.607273280620575,2
2021.01.05 01:36,0.6363528966903687,2
2021.01.05 01:33,0.99562007188797,2
2021.01.05 01:30,0.9997549653053284,2
2021.01.05 01:27,0.5669434070587158,0
2021.01.05 01:24,0.9175592064857483,2
2021.01.05 01:21,0.9982689619064331,2
2021.01.05 01:18,0.9989417195320129,2
2021.01.05 01:15,0.9980373978614807,2
2021.01.05 01:12,0.9084674119949341,2
2021.01.05 01:09,0.8514629602432251,2
2021.01.05 01:06,0.5208802223205566,0
2021.01.05 01:03,0.665149450302124,2
2021.01.05 01:00,0.6534311771392822,0
2021.01.05 00:57,0.9965033531188965,2
2021.01.05 00:54,0.9711394906044006,2
2021.01.05 00:51,0.806399405002594,0
2021.01.05 00:48,0.9180642366409302,0
2021.01.05 00:45,0.6168467998504639,0
2021.01.05 00:42,0.9989878535270691,2
2021.01.05 00:39,0.982222318649292,2
2021.01.05 00:36,0.9894696474075317,2
2021.01.05 00:33,0.999052107334137,2
2021.01.05 00:30,0.999832272529602,2
2021.01.05 00:27,0.9999980926513672,2
2021.01.05 00:24,1.0,2
2021.01.05 00:21,1.0,2
2021.01.05 00:18,1.0,2
2021.01.05 00:15,1.0,2
2021.01.05 00:12,1.0,2
2021.01.05 00:09,0.9999990463256836,2
2021.01.05 00:06,0.9999998807907104,2
2021.01.05 00:03,0.9999998807907104,2
2021.01.05 00:00,0.9999997615814209,2
2021.01.04 23:57,0.8003873229026794,0
2021.01.04 23:54,0.6501195430755615,2
2021.01.04 23:51,0.693017840385437,0
2021.01.04 23:48,0.7835031151771545,0
2021.01.04 23:45,0.9382326006889343,0
2021.01.04 23:42,0.988214373588562,0
2021.01.04 23:39,0.9988251328468323,0
2021.01.04 23:36,0.9998703002929688,0
2021.01.04 23:33,0.9999018907546997,0
2021.01.04 23:30,0.999998927116394,0
2021.01.04 23:27,0.9994181394577026,0
2021.01.04 23:24,0.9993433356285095,0
2021.01.04 23:21,0.9955703616142273,0
2021.01.04 23:18,0.9255908727645874,0
2021.01.04 23:15,0.5156026482582092,2
2021.01.04 23:12,0.9469624161720276,2
2021.01.04 23:09,0.6720151305198669,2
2021.01.04 23:06,0.743562638759613,0
2021.01.04 23:03,0.665753960609436,0
2021.01.04 23:00,0.7597095966339111,0
2021.01.04 22:57,0.7043049335479736,0
2021.01.04 22:54,0.9999850988388062,0
2021.01.04 22:51,0.9999125003814697,0
2021.01.04 22:48,0.9973986148834229,0
2021.01.04 22:45,0.999591052532196,0
2021.01.04 22:42,0.9010912179946899,0
2021.01.04 22:39,0.7288413047790527,2
2021.01.04 22:36,0.6542996168136597,2
2021.01.04 22:33,0.5620014071464539,0
2021.01.04 22:30,0.8565468788146973,2
2021.01.04 22:27,0.9749053120613098,0
2021.01.04 22:24,0.955687940120697,0
2021.01.04 22:21,0.8194878697395325,2
2021.01.04 22:18,0.999990701675415,2
2021.01.04 22:15,0.9999933242797852,2
2021.01.04 22:12,0.9999873638153076,2
2021.01.04 22:09,0.9740731716156006,2
2021.01.04 22:06,0.9569320678710938,2
2021.01.04 22:03,0.9392876625061035,2
2021.01.04 22:00,0.9999814033508301,2
2021.01.04 21:57,1.0,2
2021.01.04 21:54,0.9999783039093018,2
2021.01.04 21:51,0.9998801946640015,2
2021.01.04 21:48,0.9890854954719543,2
2021.01.04 21:45,0.99988853931427,2
2021.01.04 21:42,0.9999791383743286,2
2021.01.04 21:39,0.9996942281723022,2
2021.01.04 21:36,0.9997205138206482,2
2021.01.04 21:33,0.9976812601089478,2
2021.01.04 21:30,0.9966779947280884,2
2021.01.04 21:27,0.9991705417633057,2
2021.01.04 21:24,0.9973224997520447,2
2021.01.04 21:21,0.9938679337501526,2
2021.01.04 21:18,0.8898931741714478,2
2021.01.04 21:15,0.8864243626594543,2
2021.01.04 21:12,0.8254857659339905,2
2021.01.04 21:09,0.979286253452301,0
2021.01.04 21:06,0.9999833106994629,0
2021.01.04 21:03,0.9683377146720886,0
2021.01.04 21:00,0.956013023853302,0
2021.01.04 20:57,0.9940118193626404,2
2021.01.04 20:54,0.9666488766670227,0
2021.01.04 20:51,0.9995148181915283,0
2021.01.04 20:48,0.9990473389625549,0
2021.01.04 20:45,0.9965640902519226,0
2021.01.04 20:42,0.9921369552612305,0
2021.01.04 20:39,0.9711816906929016,0
2021.01.04 20:36,0.9898055791854858,0
2021.01.04 20:33,0.9919731616973877,0
2021.01.04 20:30,0.8705360293388367,0
2021.01.04 20:27,0.8172677755355835,2
2021.01.04 20:24,0.7052015066146851,2
2021.01.04 20:21,0.9675613641738892,0
2021.01.04 20:18,0.9860870242118835,0
2021.01.04 20:15,0.999930739402771,0
2021.01.04 20:12,0.9998427629470825,0
2021.01.04 20:09,0.9999927282333374,0
2021.01.04 20:06,0.9924978613853455,0
2021.01.04 20:03,0.9751225709915161,0
2021.01.04 20:00,0.9911636114120483,0
2021.01.04 19:57,0.9997413754463196,0
2021.01.04 19:54,0.9965839385986328,0
2021.01.04 19:51,0.9999759197235107,0
2021.01.04 19:48,0.9999909400939941,0
2021.01.04 19:45,0.9999935626983643,0
2021.01.04 19:42,0.9929513335227966,0
2021.01.04 19:39,0.9924349188804626,0
2021.01.04 19:36,0.9996627569198608,0
2021.01.04 19:33,0.9996082186698914,0
2021.01.04 19:30,0.9890695214271545,0
2021.01.04 19:27,0.6890621185302734,0
2021.01.04 19:24,0.7475058436393738,0
2021.01.04 19:21,0.956422746181488,0
2021.01.04 19:18,0.9725410342216492,0
2021.01.04 19:15,0.986487090587616,0
2021.01.04 19:12,0.8537782430648804,0
2021.01.04 19:09,0.6596066951751709,0
2021.01.04 19:06,0.7913821339607239,2
2021.01.04 19:03,0.9280469417572021,2
2021.01.04 19:00,0.9522742629051208,2
2021.01.04 18:57,0.9999947547912598,2
2021.01.04 18:54,0.9999934434890747,2
2021.01.04 18:51,1.0,2
2021.01.04 18:48,1.0,2
2021.01.04 18:45,1.0,2
2021.01.04 18:42,1.0,2
2021.01.04 18:39,1.0,2
2021.01.04 18:36,0.9999998807907104,2
2021.01.04 18:33,1.0,2
2021.01.04 18:30,1.0,2
2021.01.04 18:27,0.9999998807907104,2
2021.01.04 18:24,0.9999998807907104,2
2021.01.04 18:21,1.0,2
2021.01.04 18:18,0.9999969005584717,2
2021.01.04 18:15,1.0,2
2021.01.04 18:12,0.9999786615371704,2
2021.01.04 18:09,1.0,2
2021.01.04 18:06,1.0,2
2021.01.04 18:03,0.9999951124191284,2
2021.01.04 18:00,0.9999954700469971,2
2021.01.04 17:57,0.9988418221473694,2
2021.01.04 17:54,0.728428304195404,0
2021.01.04 17:51,0.999997615814209,0
2021.01.04 17:48,0.9992214441299438,0
2021.01.04 17:45,0.9943615198135376,0
2021.01.04 17:42,0.9339874982833862,0
2021.01.04 17:39,0.8226507306098938,0
2021.01.04 17:36,0.9762974977493286,0
2021.01.04 17:33,0.9901780486106873,0
2021.01.04 17:30,0.9999783039093018,0
2021.01.04 17:27,0.8639156222343445,0
2021.01.04 17:24,0.7950016856193542,0
2021.01.04 17:21,0.5054032206535339,2
2021.01.04 17:18,0.9999939203262329,2
2021.01.04 17:15,0.987849771976471,2
2021.01.04 17:12,0.9677010774612427,2
2021.01.04 17:09,0.9932212829589844,2
2021.01.04 17:06,0.9848376512527466,2
2021.01.04 17:03,0.998578667640686,2
2021.01.04 17:00,0.9980408549308777,2
2021.01.04 16:57,0.9998106360435486,2
2021.01.04 16:54,0.9962800145149231,2
2021.01.04 16:51,0.9990286827087402,2
2021.01.04 16:48,0.999932050704956,2
2021.01.04 16:45,0.9999821186065674,2
2021.01.04 16:42,0.9999914169311523,2
2021.01.04 16:39,0.9997512698173523,2
2021.01.04 16:36,0.9987241625785828,2
2021.01.04 16:33,0.9714303612709045,2
2021.01.04 16:30,0.824068009853363,2
2021.01.04 16:27,0.9883221983909607,1
2021.01.04 16:24,0.98248291015625,1
2021.01.04 16:21,0.8359385132789612,1
2021.01.04 16:18,0.9997490048408508,2
2021.01.04 16:15,0.9998884201049805,2
2021.01.04 16:12,0.9999995231628418,2
2021.01.04 16:09,0.9999940395355225,2
2021.01.04 16:06,0.9999243021011353,2
2021.01.04 16:03,0.9999467134475708,2
2021.01.04 16:00,0.9985284805297852,2
2021.01.04 15:57,0.9999279975891113,2
2021.01.04 15:54,0.9995044469833374,2
2021.01.04 15:51,0.9886383414268494,2
2021.01.04 15:48,0.9970013499259949,2
2021.01.04 15:45,0.6657702326774597,2
2021.01.04 15:42,0.9999966621398926,2
2021.01.04 15:39,1.0,2
2021.01.04 15:36,1.0,2
2021.01.04 15:33,0.9999747276306152,2
2021.01.04 15:30,0.9999983310699463,2
2021.01.04 15:27,0.9998998641967773,2
2021.01.04 15:24,0.9999744892120361,2
2021.01.04 15:21,0.9999899864196777,2
2021.01.04 15:18,0.9999321699142456,2
2021.01.04 15:15,0.9999862909317017,2
2021.01.04 15:12,0.9999797344207764,2
2021.01.04 15:09,1.0,2
2021.01.04 15:06,0.9992969036102295,2
2021.01.04 15:03,1.0,2
2021.01.04 15:00,0.9999985694885254,2
2021.01.04 14:57,0.9999995231628418,2
2021.01.04 14:54,0.9998676776885986,2
2021.01.04 14:51,0.9999942779541016,2
2021.01.04 14:48,0.9999426603317261,2
2021.01.04 14:45,0.8755857348442078,2
2021.01.04 14:42,0.9986741542816162,2
2021.01.04 14:39,0.9993237257003784,2
2021.01.04 14:36,0.9999592304229736,2
2021.01.04 14:33,0.9999988079071045,2
2021.01.04 14:30,1.0,2
2021.01.04 14:27,1.0,2
2021.01.04 14:24,0.9999971389770508,2
2021.01.04 14:21,0.9772676825523376,2
2021.01.04 14:18,0.9993282556533813,2
2021.01.04 14:15,0.9992873072624207,2
2021.01.04 14:12,0.9999635219573975,2
2021.01.04 14:09,0.9740400314331055,2
2021.01.04 14:06,0.9650006890296936,2
2021.01.04 14:03,0.8869867324829102,2
2021.01.04 14:00,0.6511460542678833,0
2021.01.04 13:57,0.9999998807907104,2
2021.01.04 13:54,1.0,2
2021.01.04 13:51,1.0,2
2021.01.04 13:48,1.0,2
2021.01.04 13:45,1.0,2
2021.01.04 13:42,1.0,2
2021.01.04 13:39,1.0,2
2021.01.04 13:36,1.0,2
2021.01.04 13:33,1.0,2
2021.01.04 13:30,0.999996542930603,2
2021.01.04 13:27,1.0,2
2021.01.04 13:24,1.0,2
2021.01.04 13:21,1.0,2
2021.01.04 13:18,1.0,2
2021.01.04 13:15,1.0,2
2021.01.04 13:12,1.0,2
2021.01.04 13:09,1.0,2
2021.01.04 13:06,1.0,2
2021.01.04 13:03,1.0,2
2021.01.04 13:00,1.0,2
2021.01.04 12:57,1.0,2
2021.01.04 12:54,1.0,2
2021.01.04 12:51,1.0,2
2021.01.04 12:48,1.0,2
2021.01.04 12:45,1.0,2
2021.01.04 12:42,1.0,2
2021.01.04 12:39,1.0,2
2021.01.04 12:36,1.0,2
2021.01.04 12:33,1.0,2
2021.01.04 12:30,1.0,2
2021.01.04 12:27,1.0,2
2021.01.04 12:24,1.0,2
2021.01.04 12:21,1.0,2
2021.01.04 12:18,1.0,2
2021.01.04 12:15,1.0,2
2021.01.04 12:12,1.0,2
2021.01.04 12:09,1.0,2
2021.01.04 12:06,1.0,2
2021.01.04 12:03,1.0,2
2021.01.04 12:00,1.0,2
2021.01.04 11:57,1.0,2
2021.01.04 11:54,1.0,2
2021.01.04 11:51,1.0,2
2021.01.04 11:48,1.0,2
2021.01.04 11:45,1.0,2
2021.01.04 11:42,1.0,2
2021.01.04 11:39,1.0,2
2021.01.04 11:36,1.0,2
2021.01.04 11:33,1.0,2
2021.01.04 11:30,1.0,2
2021.01.04 11:27,1.0,2
2021.01.04 11:24,1.0,2
2021.01.04 11:21,1.0,2
2021.01.04 11:18,1.0,2
2021.01.04 11:15,1.0,2
2021.01.04 11:12,1.0,2
2021.01.04 11:09,1.0,2
2021.01.04 11:06,1.0,2
2021.01.04 11:03,1.0,2
2021.01.04 11:00,1.0,2
2021.01.04 10:57,1.0,2
2021.01.04 10:54,1.0,2
2021.01.04 10:51,1.0,2
2021.01.04 10:48,1.0,2
2021.01.04 10:45,1.0,2
2021.01.04 10:42,1.0,2
2021.01.04 10:39,1.0,2
2021.01.04 10:36,1.0,2
2021.01.04 10:33,1.0,2
2021.01.04 10:30,1.0,2
2021.01.04 10:27,1.0,2
2021.01.04 10:24,1.0,2
2021.01.04 10:21,1.0,2
2021.01.04 10:18,0.9999834299087524,2
2021.01.04 10:15,0.999995231628418,2
2021.01.04 10:12,0.9999091625213623,2
2021.01.04 10:09,0.9984943866729736,2
2021.01.04 10:06,0.9999213218688965,2
2021.01.04 10:03,0.9993506073951721,2
2021.01.04 10:00,0.9912204146385193,2
2021.01.04 09:57,1.0,2
2021.01.04 09:54,1.0,2
2021.01.04 09:51,0.9999923706054688,2
2021.01.04 09:48,0.9999996423721313,2
2021.01.04 09:45,1.0,2
2021.01.04 09:42,0.9990530610084534,2
2021.01.04 09:39,0.9461714029312134,2
2021.01.04 09:36,0.878978967666626,2
2021.01.04 09:33,0.9012304544448853,2
2021.01.04 09:30,0.6501889228820801,0
2021.01.04 09:27,0.9865374565124512,2
2021.01.04 09:24,0.9995902180671692,2
2021.01.04 09:21,0.9976193308830261,2
2021.01.04 09:18,0.999734103679657,2
2021.01.04 09:15,0.9987266659736633,2
2021.01.04 09:12,0.998769223690033,2
2021.01.04 09:09,0.9999821186065674,2
2021.01.04 09:06,0.9998140931129456,2
2021.01.04 09:03,0.9942187070846558,2
2021.01.04 09:00,0.9993916749954224,2
2021.01.04 08:57,0.9999986886978149,2
2021.01.04 08:54,0.9999964237213135,2
2021.01.04 08:51,0.9925434589385986,2
2021.01.04 08:48,0.99994957447052,2
2021.01.04 08:45,0.9996987581253052,2
2021.01.04 08:42,0.9975689053535461,2
2021.01.04 08:39,0.9981696605682373,2
2021.01.04 08:36,0.9911811351776123,2
2021.01.04 08:33,0.9918606877326965,2
2021.01.04 08:30,0.8805980682373047,0
2021.01.04 08:27,0.999961256980896,2
2021.01.04 08:24,0.999977707862854,2
2021.01.04 08:21,0.9974327683448792,2
2021.01.04 08:18,0.9998600482940674,2
2021.01.04 08:15,0.9989883303642273,2
2021.01.04 08:12,0.9999773502349854,2
2021.01.04 08:09,0.7803855538368225,2
2021.01.04 08:06,0.926240861415863,2
2021.01.04 08:03,0.9988210797309875,2
2021.01.04 08:00,0.999983549118042,2
2021.01.04 07:57,0.9999909400939941,2
2021.01.04 07:54,0.9999936819076538,2
2021.01.04 07:51,0.9995939135551453,2
2021.01.04 07:48,0.9884433150291443,2
2021.01.04 07:45,0.9302529692649841,2
2021.01.04 07:42,0.9998738765716553,2
2021.01.04 07:39,0.9966002106666565,2
2021.01.04 07:36,0.9580695629119873,2
2021.01.04 07:33,0.5788152813911438,2
2021.01.04 07:30,0.8856074810028076,0
2021.01.04 07:27,0.9021580815315247,0
2021.01.04 07:24,0.9279162883758545,0
2021.01.04 07:21,0.7556048631668091,2
2021.01.04 07:18,0.8775026202201843,2
2021.01.04 07:15,0.9795594215393066,2
2021.01.04 07:12,0.9998660087585449,2
2021.01.04 07:09,0.9994745850563049,2
2021.01.04 07:06,0.9961609840393066,2
2021.01.04 07:03,0.997157096862793,2
2021.01.04 07:00,0.9956763386726379,2
2021.01.04 06:57,0.9999980926513672,2
2021.01.04 06:54,0.9999939203262329,2
2021.01.04 06:51,0.9999710321426392,2
2021.01.04 06:48,0.9999905824661255,2
2021.01.04 06:45,0.9999561309814453,2
2021.01.04 06:42,0.9993361830711365,2
2021.01.04 06:39,0.999672532081604,2
2021.01.04 06:36,0.999566376209259,2
2021.01.04 06:33,0.999047577381134,2
2021.01.04 06:30,0.999799907207489,2
2021.01.04 06:27,0.999783456325531,2
2021.01.04 06:24,0.999754011631012,2
2021.01.04 06:21,0.9992245435714722,2
2021.01.04 06:18,0.999983549118042,2
2021.01.04 06:15,0.9999997615814209,2
2021.01.04 06:12,0.9999986886978149,2
2021.01.04 06:09,0.9999997615814209,2
2021.01.04 06:06,0.9999998807907104,2
2021.01.04 06:03,1.0,2
2021.01.04 06:00,1.0,2
2021.01.04 05:57,0.9999991655349731,2
2021.01.04 05:54,0.9999463558197021,2
2021.01.04 05:51,0.9977263808250427,2
2021.01.04 05:48,0.9999866485595703,2
2021.01.04 05:45,0.9999889135360718,2
2021.01.04 05:42,0.9999632835388184,2
2021.01.04 05:39,0.9645801186561584,2
2021.01.04 05:36,0.9702451825141907,2
2021.01.04 05:33,0.7698454856872559,2
2021.01.04 05:30,0.9953820109367371,2
2021.01.04 05:27,0.9999980926513672,2
2021.01.04 05:24,0.9999995231628418,2
2021.01.04 05:21,0.9996485710144043,2
2021.01.04 05:18,0.9998626708984375,2
2021.01.04 05:15,0.9998834133148193,2
2021.01.04 05:12,0.9999984502792358,2
2021.01.04 05:09,0.9998437166213989,2
2021.01.04 05:06,0.9999990463256836,2
2021.01.04 05:03,0.9999997615814209,2
2021.01.04 05:00,0.9999995231628418,2
2021.01.04 04:57,1.0,2
2021.01.04 04:54,0.9999966621398926,2
2021.01.04 04:51,0.9999998807907104,2
2021.01.04 04:48,1.0,2
2021.01.04 04:45,1.0,2
2021.01.04 04:42,1.0,2
2021.01.04 04:39,1.0,2
2021.01.04 04:36,1.0,2
2021.01.04 04:33,1.0,2
2021.01.04 04:30,1.0,2
2021.01.04 04:27,1.0,2
2021.01.04 04:24,1.0,2
2021.01.04 04:21,1.0,2
2021.01.04 04:18,1.0,2
2021.01.04 04:15,1.0,2
2021.01.04 04:12,1.0,2
2021.01.04 04:09,1.0,2
2021.01.04 04:06,1.0,2
2021.01.04 04:03,1.0,2
2021.01.04 04:00,1.0,2
2021.01.04 03:57,1.0,2
2021.01.04 03:54,1.0,2
2021.01.04 03:51,1.0,2
2021.01.04 03:48,1.0,2
2021.01.04 03:45,1.0,2
2021.01.04 03:42,1.0,2
2021.01.04 03:39,0.9999992847442627,2
2021.01.04 03:36,0.9999927282333374,2
2021.01.04 03:33,0.9977019429206848,2
2021.01.04 03:30,0.9966926574707031,2
2021.01.04 03:27,0.9999998807907104,2
2021.01.04 03:24,1.0,2
2021.01.04 03:21,1.0,2
2021.01.04 03:18,1.0,2
2021.01.04 03:15,1.0,2
2021.01.04 03:12,1.0,2
2021.01.04 03:09,1.0,2
2021.01.04 03:06,1.0,2
2021.01.04 03:03,1.0,2
2021.01.04 03:00,1.0,2
2021.01.04 02:57,1.0,2
2021.01.04 02:54,1.0,2
2021.01.04 02:51,1.0,2
2021.01.04 02:48,1.0,2
2021.01.04 02:45,1.0,2
2021.01.04 02:42,1.0,2
2021.01.04 02:39,1.0,2
2021.01.04 02:36,1.0,2
2021.01.04 02:33,1.0,2
2021.01.04 02:30,1.0,2
2021.01.04 02:27,1.0,2
2021.01.04 02:24,1.0,2
2021.01.04 02:21,1.0,2
2021.01.04 02:18,1.0,2
2021.01.04 02:15,1.0,2
2021.01.04 02:12,1.0,2
2021.01.04 02:09,1.0,2
2021.01.04 02:06,0.9999998807907104,2
2021.01.04 02:03,0.9999998807907104,2
2021.01.04 02:00,0.9999998807907104,2
2021.01.04 01:57,1.0,2
2021.01.04 01:54,1.0,2
2021.01.04 01:51,1.0,2
2021.01.04 01:48,1.0,2
2021.01.04 01:45,0.9999979734420776,2
2021.01.04 01:42,1.0,2
2021.01.04 01:39,1.0,2
2021.01.04 01:36,1.0,2
2021.01.04 01:33,1.0,2
2021.01.04 01:30,1.0,2
2021.01.04 01:27,1.0,2
2021.01.04 01:24,1.0,2
2021.01.04 01:21,1.0,2
2021.01.04 01:18,1.0,2
2021.01.04 01:15,1.0,2
2021.01.04 01:12,1.0,2
2021.01.04 01:09,1.0,2
2021.01.04 01:06,1.0,2
2021.01.04 01:03,1.0,2
2021.01.04 01:00,1.0,2
2021.01.04 00:57,0.9999998807907104,2
2021.01.04 00:54,0.9999316930770874,2
2021.01.04 00:51,0.9999983310699463,2
2021.01.04 00:48,0.9999434947967529,2
2021.01.04 00:45,0.9999994039535522,2
2021.01.04 00:42,0.9999927282333374,2
2021.01.04 00:39,0.9999995231628418,2
2021.01.04 00:36,0.9999997615814209,2
2021.01.04 00:33,1.0,2
2021.01.04 00:30,1.0,2
2021.01.04 00:27,1.0,2
2021.01.04 00:24,0.9999995231628418,2
2021.01.04 00:21,1.0,2
2021.01.04 00:18,1.0,2
2021.01.04 00:15,0.9999996423721313,2
2021.01.04 00:12,0.9999980926513672,2
2021.01.04 00:09,0.9999629259109497,2
2021.01.04 00:06,0.999419093132019,2
2021.01.04 00:03,0.9835598468780518,2
2021.01.04 00:00,0.9928981065750122,2
2020.12.31 20:57,1.0,2
2020.12.31 20:54,1.0,2
2020.12.31 20:51,1.0,2
2020.12.31 20:48,1.0,2
2020.12.31 20:45,1.0,2
2020.12.31 20:42,1.0,2
2020.12.31 20:39,1.0,2
2020.12.31 20:36,1.0,2
2020.12.31 20:33,1.0,2
2020.12.31 20:30,1.0,2
2020.12.31 20:27,1.0,2
2020.12.31 20:24,1.0,2
2020.12.31 20:21,0.9999998807907104,2
2020.12.31 20:18,1.0,2
2020.12.31 20:15,1.0,2
2020.12.31 20:12,0.9999995231628418,2
2020.12.31 20:09,1.0,2
2020.12.31 20:06,1.0,2
2020.12.31 20:03,1.0,2
2020.12.31 20:00,0.9999998807907104,2
2020.12.31 19:57,0.9999979734420776,2
2020.12.31 19:54,0.9999921321868896,2
2020.12.31 19:51,1.0,2
2020.12.31 19:48,1.0,2
2020.12.31 19:45,0.9999942779541016,2
2020.12.31 19:42,0.9999880790710449,2
2020.12.31 19:39,0.9999899864196777,2
2020.12.31 19:36,0.9999988079071045,2
2020.12.31 19:33,1.0,2
2020.12.31 19:30,1.0,2
2020.12.31 19:27,1.0,2
2020.12.31 19:24,1.0,2
2020.12.31 19:21,1.0,2
2020.12.31 19:18,0.9999998807907104,2
2020.12.31 19:15,0.999997615814209,2
2020.12.31 19:12,0.9999951124191284,2
2020.12.31 19:09,0.9999995231628418,2
2020.12.31 19:06,0.9999995231628418,2
2020.12.31 19:03,0.9999996423721313,2
2020.12.31 19:00,0.9999998807907104,2
2020.12.31 18:57,0.9999780654907227,2
2020.12.31 18:54,0.9999420642852783,2
2020.12.31 18:51,0.9946596026420593,2
2020.12.31 18:48,0.9878145456314087,2
2020.12.31 18:45,0.8515393733978271,2
2020.12.31 18:42,0.9978972673416138,2
2020.12.31 18:39,0.9991969466209412,2
2020.12.31 18:36,0.9911786913871765,2
2020.12.31 18:33,0.9393825531005859,2
2020.12.31 18:30,0.8306780457496643,2
2020.12.31 18:27,0.9999579191207886,2
2020.12.31 18:24,0.999923825263977,2
2020.12.31 18:21,0.9998315572738647,2
2020.12.31 18:18,0.9999672174453735,2
2020.12.31 18:15,0.9999631643295288,2
2020.12.31 18:12,0.9999912977218628,2
2020.12.31 18:09,0.9999992847442627,2
2020.12.31 18:06,0.9999995231628418,2
2020.12.31 18:03,0.9999978542327881,2
2020.12.31 18:00,0.999995231628418,2
2020.12.31 17:57,0.999854326248169,2
2020.12.31 17:54,0.9997064471244812,2
2020.12.31 17:51,0.7646638751029968,2
2020.12.31 17:48,0.5302199721336365,1
2020.12.31 17:45,0.5437647104263306,1
2020.12.31 17:42,0.6783090829849243,1
2020.12.31 17:39,0.6301313638687134,1
2020.12.31 17:36,0.9098501205444336,1
2020.12.31 17:33,0.8589831590652466,1
2020.12.31 17:30,0.9904943704605103,1
2020.12.31 17:27,0.9968511462211609,2
2020.12.31 17:24,0.996707022190094,2
2020.12.31 17:21,0.9994420409202576,2
2020.12.31 17:18,0.8728699088096619,2
2020.12.31 17:15,0.9116309881210327,2
2020.12.31 17:12,0.8478240966796875,2
2020.12.31 17:09,0.9937291145324707,2
2020.12.31 17:06,0.998439610004425,2
2020.12.31 17:03,0.9962967038154602,2
2020.12.31 17:00,0.9997857213020325,2
2020.12.31 16:57,0.9999997615814209,2
2020.12.31 16:54,1.0,2
2020.12.31 16:51,1.0,2
2020.12.31 16:48,1.0,2
2020.12.31 16:45,1.0,2
2020.12.31 16:42,1.0,2
2020.12.31 16:39,1.0,2
2020.12.31 16:36,1.0,2
2020.12.31 16:33,1.0,2
2020.12.31 16:30,1.0,2
2020.12.31 16:27,0.9999996423721313,2
2020.12.31 16:24,0.9999988079071045,2
2020.12.31 16:21,1.0,2
2020.12.31 16:18,1.0,2
2020.12.31 16:15,0.9999985694885254,2
2020.12.31 16:12,0.9999898672103882,2
2020.12.31 16:09,0.999991774559021,2
2020.12.31 16:06,0.9999790191650391,2
2020.12.31 16:03,0.9999743700027466,2
2020.12.31 16:00,0.9999443292617798,2
2020.12.31 15:57,0.9999469518661499,2
2020.12.31 15:54,0.5289121866226196,0
2020.12.31 15:51,0.8041791319847107,2
2020.12.31 15:48,0.993885338306427,2
2020.12.31 15:45,0.9863030314445496,2
2020.12.31 15:42,0.9997785687446594,2
2020.12.31 15:39,0.9999909400939941,2
2020.12.31 15:36,0.9999778270721436,2
2020.12.31 15:33,0.9996600151062012,2
2020.12.31 15:30,0.997072696685791,2
2020.12.31 15:27,0.9998137354850769,2
2020.12.31 15:24,0.9999237060546875,2
2020.12.31 15:21,0.9994832277297974,2
2020.12.31 15:18,0.9967343807220459,2
2020.12.31 15:15,0.9771581888198853,2
2020.12.31 15:12,0.9695303440093994,2
2020.12.31 15:09,0.9518464207649231,2
2020.12.31 15:06,0.8672869801521301,2
2020.12.31 15:03,0.9571174383163452,0
2020.12.31 15:00,0.9915321469306946,0
2020.12.31 14:57,0.9922216534614563,0
2020.12.31 14:54,1.0,0
2020.12.31 14:51,0.9999996423721313,0
2020.12.31 14:48,0.9997720122337341,0
2020.12.31 14:45,0.9998329877853394,0
2020.12.31 14:42,0.9992254972457886,0
2020.12.31 14:39,0.9998569488525391,0
2020.12.31 14:36,0.9999699592590332,0
2020.12.31 14:33,0.9999983310699463,0
2020.12.31 14:30,0.9999963045120239,0
2020.12.31 14:27,0.7099989652633667,0
2020.12.31 14:24,0.6859483122825623,0
2020.12.31 14:21,0.5271974205970764,2
2020.12.31 14:18,0.9817779064178467,2
2020.12.31 14:15,0.9991071820259094,2
2020.12.31 14:12,0.9959096908569336,2
2020.12.31 14:09,0.9901235699653625,2
2020.12.31 14:06,0.9999097585678101,2
2020.12.31 14:03,0.9994829893112183,2
2020.12.31 14:00,0.9997952580451965,2
2020.12.31 13:57,0.9967659711837769,2
2020.12.31 13:54,0.6185626983642578,2
2020.12.31 13:51,0.7829365730285645,2
2020.12.31 13:48,0.9828423857688904,2
2020.12.31 13:45,0.9984118938446045,2
2020.12.31 13:42,0.999947190284729,2
2020.12.31 13:39,0.9989443421363831,2
2020.12.31 13:36,0.9999841451644897,2
2020.12.31 13:33,1.0,2
2020.12.31 13:30,0.999998927116394,2
2020.12.31 13:27,0.9905551075935364,2
2020.12.31 13:24,0.9737873077392578,2
2020.12.31 13:21,0.7794743180274963,2
2020.12.31 13:18,0.9834455847740173,2
2020.12.31 13:15,0.9479867815971375,2
2020.12.31 13:12,0.9743896126747131,2
2020.12.31 13:09,0.9740878939628601,2
2020.12.31 13:06,0.971698522567749,0
2020.12.31 13:03,0.9944092631340027,0
2020.12.31 13:00,0.9929032921791077,0
2020.12.31 12:57,0.9999955892562866,2
2020.12.31 12:54,0.9994605183601379,2
2020.12.31 12:51,0.9985710382461548,2
2020.12.31 12:48,0.999086856842041,2
2020.12.31 12:45,0.9938289523124695,2
2020.12.31 12:42,0.9998495578765869,2
2020.12.31 12:39,0.9996374845504761,2
2020.12.31 12:36,0.9999455213546753,2
2020.12.31 12:33,0.9999505281448364,2
2020.12.31 12:30,0.9998243451118469,2
2020.12.31 12:27,0.9985591769218445,2
2020.12.31 12:24,0.9994714856147766,2
2020.12.31 12:21,0.9933494925498962,2
2020.12.31 12:18,0.9964479207992554,2
2020.12.31 12:15,0.9944333434104919,2
2020.12.31 12:12,0.9986203908920288,2
2020.12.31 12:09,0.9999921321868896,2
2020.12.31 12:06,0.9999945163726807,2
2020.12.31 12:03,0.9999861717224121,2
2020.12.31 12:00,0.9999431371688843,2
2020.12.31 11:57,0.9851309657096863,2
2020.12.31 11:54,0.9994515776634216,2
2020.12.31 11:51,0.9932869076728821,1
2020.12.31 11:48,0.9797501564025879,1
2020.12.31 11:45,0.9530908465385437,1
2020.12.31 11:42,0.9885586500167847,2
2020.12.31 11:39,0.5671312808990479,2
2020.12.31 11:36,0.7959580421447754,0
2020.12.31 11:33,0.9993672966957092,0
2020.12.31 11:30,0.982746958732605,0
2020.12.31 11:27,0.9843132495880127,2
2020.12.31 11:24,0.9874173402786255,2
2020.12.31 11:21,0.8155407309532166,2
2020.12.31 11:18,0.9997565150260925,2
2020.12.31 11:15,0.9998817443847656,2
2020.12.31 11:12,0.9962249994277954,2
2020.12.31 11:09,0.9996005892753601,1
2020.12.31 11:06,0.9999325275421143,1
2020.12.31 11:03,0.9999967813491821,1
2020.12.31 11:00,0.9999940395355225,1
2020.12.31 10:57,0.9981860518455505,2
2020.12.31 10:54,0.9660165905952454,2
2020.12.31 10:51,0.5901687741279602,2
2020.12.31 10:48,0.9160535931587219,2
2020.12.31 10:45,0.9993282556533813,0
2020.12.31 10:42,0.9993146657943726,0
2020.12.31 10:39,0.999957799911499,0
2020.12.31 10:36,0.999961256980896,0
2020.12.31 10:33,0.997115969657898,0
2020.12.31 10:30,0.9999876022338867,0
2020.12.31 10:27,0.918425440788269,0
2020.12.31 10:24,0.8657628297805786,0
2020.12.31 10:21,0.9169559478759766,0
2020.12.31 10:18,0.5349606871604919,0
2020.12.31 10:15,0.648860514163971,2
2020.12.31 10:12,0.6810539364814758,0
2020.12.31 10:09,0.5961197018623352,2
2020.12.31 10:06,0.9974663257598877,2
2020.12.31 10:03,0.9999715089797974,2
2020.12.31 10:00,0.9999679327011108,2
2020.12.31 09:57,0.9906161427497864,2
2020.12.31 09:54,0.5983622670173645,0
2020.12.31 09:51,0.6824379563331604,2
2020.12.31 09:48,0.8888856768608093,2
2020.12.31 09:45,0.9930151700973511,2
2020.12.31 09:42,0.9995874762535095,2
2020.12.31 09:39,0.988018274307251,2
2020.12.31 09:36,0.978598952293396,2
2020.12.31 09:33,0.9813660383224487,2
2020.12.31 09:30,0.9768940806388855,2
2020.12.31 09:27,0.9789039492607117,2
2020.12.31 09:24,0.9486032128334045,2
2020.12.31 09:21,0.9892899394035339,2
2020.12.31 09:18,0.8791037201881409,0
2020.12.31 09:15,0.9996151924133301,0
2020.12.31 09:12,0.9981599450111389,0
2020.12.31 09:09,0.9582425951957703,0
2020.12.31 09:06,0.9213352203369141,2
2020.12.31 09:03,0.7821426391601562,0
2020.12.31 09:00,0.9570257067680359,0
2020.12.31 08:57,0.9997043013572693,2
2020.12.31 08:54,0.9997054934501648,2
2020.12.31 08:51,0.5700744390487671,2
2020.12.31 08:48,0.9482874870300293,2
2020.12.31 08:45,0.9999262094497681,2
2020.12.31 08:42,0.9611812829971313,2
2020.12.31 08:39,0.9999957084655762,2
2020.12.31 08:36,0.9999916553497314,2
2020.12.31 08:33,0.999993085861206,2
2020.12.31 08:30,0.9997673630714417,2
2020.12.31 08:27,0.9999986886978149,2
2020.12.31 08:24,0.9999971389770508,2
2020.12.31 08:21,0.9733033776283264,2
2020.12.31 08:18,0.9748079180717468,2
2020.12.31 08:15,0.9877297282218933,2
2020.12.31 08:12,0.9951801300048828,2
2020.12.31 08:09,0.9998206496238708,2
2020.12.31 08:06,0.999998927116394,2
2020.12.31 08:03,0.9938051700592041,2
2020.12.31 08:00,0.9991304278373718,2
2020.12.31 07:57,0.6928827166557312,2
2020.12.31 07:54,0.7673680186271667,2
2020.12.31 07:51,0.9973226189613342,2
2020.12.31 07:48,0.9894769191741943,2
2020.12.31 07:45,0.9999362230300903,2
2020.12.31 07:42,0.9999960660934448,2
2020.12.31 07:39,0.999998927116394,2
2020.12.31 07:36,0.9999980926513672,2
2020.12.31 07:33,0.9999998807907104,2
2020.12.31 07:30,1.0,2
2020.12.31 07:27,0.9999997615814209,2
2020.12.31 07:24,0.9999998807907104,2
2020.12.31 07:21,1.0,2
2020.12.31 07:18,0.9999998807907104,2
2020.12.31 07:15,0.9999949932098389,2
2020.12.31 07:12,0.999613344669342,2
2020.12.31 07:09,0.9930340051651001,2
2020.12.31 07:06,0.9996047616004944,2
2020.12.31 07:03,0.9908774495124817,2
2020.12.31 07:00,0.9740594625473022,2
2020.12.31 06:57,0.9998950958251953,2
2020.12.31 06:54,0.9602744579315186,2
2020.12.31 06:51,0.9943904280662537,2
2020.12.31 06:48,0.997584342956543,2
2020.12.31 06:45,0.9978554844856262,2
2020.12.31 06:42,0.999135434627533,2
